epoch,time,train/giou_loss,train/cls_loss,train/l1_loss,metrics/precision(B),metrics/recall(B),metrics/mAP50(B),metrics/mAP50-95(B),val/giou_loss,val/cls_loss,val/l1_loss,lr/pg0,lr/pg1,lr/pg2
1,735.681,1.29776,3.35196,0.44841,0.65734,0.22348,0.23984,0.15477,0.76588,1.0109,0.32181,0.000158421,0.000158421,0.000158421
2,1454.32,0.87727,0.6912,0.17971,0.39923,0.2934,0.26353,0.16761,0.80246,0.9432,0.34489,0.000312728,0.000312728,0.000312728
3,2165.7,0.82612,0.63975,0.16544,0.44182,0.38659,0.36799,0.23443,0.70962,0.85837,0.29191,0.000462672,0.000462672,0.000462672
4,2875.13,0.78601,0.6353,0.15477,0.39097,0.46739,0.41699,0.26849,0.72995,0.80423,0.27968,0.000456365,0.000456365,0.000456365
5,3581,0.76124,0.61381,0.14222,0.47863,0.4561,0.43921,0.27162,0.6735,0.83474,0.27183,0.00044982,0.00044982,0.00044982
6,4290.9,0.74305,0.62338,0.14766,0.5443,0.4739,0.467,0.30002,0.69587,0.726,0.26324,0.000443275,0.000443275,0.000443275
7,5003,0.71887,0.59446,0.139,0.41791,0.4745,0.44186,0.28134,0.75323,0.75209,0.3232,0.00043673,0.00043673,0.00043673
8,5712.26,0.70515,0.58401,0.13018,0.42196,0.51939,0.49412,0.31976,0.72624,0.73678,0.26455,0.000430185,0.000430185,0.000430185
9,6418.11,0.70192,0.5893,0.13378,0.5212,0.5057,0.499,0.31844,0.65475,0.75505,0.24136,0.00042364,0.00042364,0.00042364
10,7125.59,0.67449,0.57596,0.11929,0.46788,0.54439,0.50785,0.32178,0.66834,0.74059,0.21922,0.000417095,0.000417095,0.000417095
11,7833.96,0.64958,0.57073,0.12033,0.54544,0.45474,0.50325,0.32663,0.65941,0.71348,0.22292,0.00041055,0.00041055,0.00041055
12,8541.7,0.66929,0.57992,0.12228,0.52338,0.44805,0.43823,0.27987,0.65659,0.77758,0.23988,0.000404005,0.000404005,0.000404005
13,9248.98,0.62314,0.56315,0.11539,0.58867,0.53259,0.5212,0.33764,0.68869,0.7085,0.2617,0.00039746,0.00039746,0.00039746
14,9956.34,0.62734,0.5653,0.12277,0.5292,0.5716,0.55317,0.33137,0.72467,0.64092,0.29853,0.000390915,0.000390915,0.000390915
15,10659.4,0.62057,0.56512,0.11743,0.58949,0.5286,0.55707,0.35904,0.66136,0.75271,0.24432,0.00038437,0.00038437,0.00038437
16,11362.1,0.61902,0.55945,0.11605,0.5353,0.53469,0.53692,0.32446,0.68596,0.67068,0.25948,0.000377825,0.000377825,0.000377825
17,12066.3,0.5721,0.52959,0.10449,0.52305,0.49526,0.52739,0.32123,0.69525,0.69824,0.28454,0.00037128,0.00037128,0.00037128
18,12770.2,0.59236,0.52347,0.10694,0.58436,0.49881,0.54188,0.35547,0.69453,0.68585,0.26235,0.000364735,0.000364735,0.000364735
19,13473.4,0.57708,0.54541,0.10991,0.53398,0.56756,0.55047,0.35269,0.71118,0.67417,0.2769,0.00035819,0.00035819,0.00035819
20,14174.1,0.57376,0.54698,0.11104,0.54951,0.56777,0.52346,0.32899,0.70435,0.69151,0.33415,0.000351645,0.000351645,0.000351645
21,14872.9,0.57593,0.53001,0.11265,0.51076,0.60252,0.5747,0.37671,0.64347,0.67125,0.23179,0.0003451,0.0003451,0.0003451
22,15571.5,0.54595,0.50944,0.10581,0.60654,0.56922,0.58395,0.36534,0.64926,0.70017,0.2198,0.000338555,0.000338555,0.000338555
23,16270.5,0.54646,0.52684,0.1063,0.54751,0.54103,0.549,0.34018,0.68374,0.6727,0.25102,0.00033201,0.00033201,0.00033201
24,16968.7,0.5551,0.51312,0.10768,0.54563,0.59048,0.60227,0.38807,0.63266,0.68489,0.2173,0.000325465,0.000325465,0.000325465
25,17666.6,0.51773,0.50267,0.09453,0.57243,0.61425,0.591,0.37698,0.65013,0.62807,0.22696,0.00031892,0.00031892,0.00031892
26,18367.8,0.48574,0.48952,0.0933,0.57482,0.60157,0.58725,0.38183,0.66325,0.6794,0.23947,0.000312375,0.000312375,0.000312375
27,19067.8,0.49393,0.48522,0.08998,0.58227,0.58083,0.59199,0.37378,0.64583,0.64025,0.23628,0.00030583,0.00030583,0.00030583
28,19768,0.50063,0.4947,0.09027,0.61258,0.62109,0.62034,0.38497,0.64758,0.63866,0.2223,0.000299285,0.000299285,0.000299285
29,20468.2,0.51766,0.50446,0.09581,0.62431,0.55966,0.57717,0.36315,0.66802,0.62417,0.24089,0.00029274,0.00029274,0.00029274
30,21169.2,0.50784,0.49216,0.09672,0.56062,0.61975,0.61176,0.38904,0.65316,0.62282,0.23055,0.000286195,0.000286195,0.000286195
31,21870.6,0.52183,0.50217,0.1006,0.59825,0.59725,0.62189,0.41027,0.66737,0.64794,0.23339,0.00027965,0.00027965,0.00027965
32,22569.2,0.49027,0.47416,0.09324,0.70135,0.57943,0.63173,0.4175,0.65724,0.61869,0.22732,0.000273105,0.000273105,0.000273105
33,23268.3,0.48679,0.4757,0.08753,0.67526,0.59939,0.62384,0.40174,0.65,0.63088,0.23812,0.00026656,0.00026656,0.00026656
34,23969.4,0.47952,0.46485,0.09254,0.68775,0.59709,0.63613,0.42004,0.62576,0.6138,0.2387,0.000260015,0.000260015,0.000260015
35,24670.5,0.48991,0.46211,0.09044,0.58285,0.65281,0.65398,0.43975,0.65361,0.64463,0.23958,0.00025347,0.00025347,0.00025347
36,25371.4,0.44836,0.46206,0.08139,0.69102,0.56838,0.62511,0.41544,0.66298,0.65254,0.24543,0.000246925,0.000246925,0.000246925
37,26071.3,0.44235,0.45684,0.08889,0.55892,0.61983,0.60808,0.39661,0.66847,0.6311,0.26411,0.00024038,0.00024038,0.00024038
38,26770.2,0.44578,0.45776,0.08373,0.56184,0.5979,0.60397,0.40565,0.63662,0.66077,0.24456,0.000233835,0.000233835,0.000233835
39,27470.9,0.47335,0.45134,0.08778,0.60784,0.6148,0.63745,0.43382,0.62479,0.62646,0.21905,0.00022729,0.00022729,0.00022729
40,28168.5,0.44442,0.4368,0.08125,0.62029,0.63222,0.65999,0.44267,0.63182,0.61295,0.21691,0.000220745,0.000220745,0.000220745
41,28868.3,0.44018,0.42998,0.07459,0.68197,0.60949,0.6447,0.43526,0.63441,0.61602,0.24352,0.0002142,0.0002142,0.0002142
42,29567.1,0.42632,0.42657,0.07751,0.64216,0.63584,0.65097,0.44306,0.63491,0.64353,0.20859,0.000207655,0.000207655,0.000207655
43,30266.6,0.40385,0.43081,0.073,0.65945,0.61276,0.63293,0.41973,0.64637,0.62072,0.23885,0.00020111,0.00020111,0.00020111
44,30966.6,0.41021,0.42085,0.07211,0.58239,0.6725,0.652,0.43864,0.63201,0.61072,0.24378,0.000194565,0.000194565,0.000194565
45,31666.6,0.42052,0.42391,0.07396,0.6199,0.6386,0.65192,0.4429,0.63008,0.61536,0.2265,0.00018802,0.00018802,0.00018802
46,32369.5,0.41175,0.42528,0.0749,0.66122,0.64194,0.6498,0.44287,0.63369,0.63528,0.22288,0.000181475,0.000181475,0.000181475
47,33074.1,0.4106,0.41661,0.07509,0.6755,0.65075,0.6482,0.42548,0.60434,0.64552,0.19858,0.00017493,0.00017493,0.00017493
48,33776.7,0.40982,0.41069,0.07197,0.64134,0.62905,0.6439,0.42107,0.61443,0.63426,0.23032,0.000168385,0.000168385,0.000168385
49,34481.8,0.39804,0.40739,0.06807,0.65689,0.63123,0.66776,0.4525,0.62595,0.59654,0.23029,0.00016184,0.00016184,0.00016184
50,35186.4,0.38298,0.41266,0.06991,0.66247,0.6639,0.66822,0.45458,0.62649,0.59855,0.21863,0.000155295,0.000155295,0.000155295
51,35890.4,0.37638,0.39762,0.06991,0.66824,0.65779,0.676,0.46226,0.59881,0.61574,0.21563,0.00014875,0.00014875,0.00014875
52,36594.7,0.39114,0.38911,0.073,0.70995,0.5762,0.64611,0.43983,0.62697,0.62742,0.2314,0.000142205,0.000142205,0.000142205
53,37297.6,0.38336,0.39343,0.06625,0.65892,0.63047,0.65038,0.4282,0.6368,0.62156,0.22483,0.00013566,0.00013566,0.00013566
54,38001.7,0.37689,0.38732,0.06432,0.64239,0.65418,0.66215,0.4378,0.62599,0.61508,0.26337,0.000129115,0.000129115,0.000129115
55,38706.2,0.36744,0.38655,0.06663,0.6664,0.59744,0.63232,0.42874,0.64659,0.602,0.2555,0.00012257,0.00012257,0.00012257
56,39411,0.36204,0.38824,0.06054,0.61845,0.65499,0.65009,0.42816,0.62304,0.61926,0.24753,0.000116025,0.000116025,0.000116025
57,40116.7,0.33987,0.3823,0.06331,0.60871,0.64184,0.62975,0.41497,0.64717,0.60236,0.26512,0.00010948,0.00010948,0.00010948
58,40819.8,0.35746,0.3802,0.0635,0.66043,0.63886,0.6412,0.41842,0.65159,0.59386,0.25146,0.000102935,0.000102935,0.000102935
59,41525.3,0.35414,0.36882,0.06212,0.63296,0.66804,0.64479,0.42285,0.62192,0.60615,0.22019,9.639e-05,9.639e-05,9.639e-05
60,42229.6,0.34157,0.36973,0.06117,0.64151,0.61514,0.6289,0.42473,0.61536,0.59749,0.24223,8.9845e-05,8.9845e-05,8.9845e-05
61,42938.3,0.34026,0.37004,0.06273,0.62745,0.62007,0.63227,0.42369,0.62966,0.60251,0.25759,8.33e-05,8.33e-05,8.33e-05
